full_name,bazi_score,wuge_score,total_score
王悦砾,98,91.3,189.3
王悦奔,76,86.7,162.7
王悦娱,63,86.7,149.7
王悦朔,63,86.7,149.7
王悦铁,95,85.8,180.8
王悦留,63,86.7,149.7
王悦每,77,84.0,161.0
王悦姵,23,93.0,116.0
王悦蝈,62,87.2,149.2
王悦淑,79,83.7,162.7
王悦彧,98,86.7,184.7
王悦蕙,61,79.8,140.8
王悦芬,63,86.7,149.7
王悦竞,61,81.2,142.2
王悦丞,94,86.9,180.9
王悦舟,94,86.9,180.9
王悦纂,63,91.3,154.3
王悦草,64,83.7,147.7
王悦巍,98,85.8,183.8
王悦絮,96,83.7,179.7
王悦竹,62,86.9,148.9
王悦恨,78,86.7,164.7
王悦通,61.5,85.6,147.1
王悦铬,93.5,85.6,179.1
王悦儀,23,93.0,116.0
王悦子,79,89.2,168.2
王悦祥,95,70.6,165.6
王悦引,96.5,83.6,180.1
王悦舜,96,83.7,179.7
王悦瑛,96.5,85.6,182.1
王悦盼,76,86.7,162.7
王悦适,61,79.8,140.8
王悦殿,64,81.2,145.2
王悦妶,23,93.0,116.0
王悦靜,23,93.0,116.0
王悦恺,61.5,85.6,147.1
王悦捷,96,83.7,179.7
王悦匡,62,86.9,148.9
王悦无,79,83.7,162.7
王悦昊,61,80.8,141.8
王悦诺,62,91.1,153.1
王悦帙,61,80.8,141.8
王悦黛,62,87.2,149.2
王悦斐,79,83.7,162.7
王悦姳,23,93.0,116.0
王悦璐,62,87.2,149.2
王悦沐,76,80.8,156.8
王悦孺,94,87.2,181.2
王悦譞,23,93.0,116.0
王悦翎,63,70.6,133.6
王悦苇,61.5,77.3,138.8
王悦曼,78,70.6,148.6
王悦苗,78,70.6,148.6
王悦巧,61.5,83.4,144.9
王悦运,97,91.1,188.1
王悦妆,94,84.0,178.0
王悦兆,62,86.9,148.9
王悦迷,79,81.2,160.2
王悦励,62,87.2,149.2
王悦骄,64,90.0,154.0
王悦宗,93,80.8,173.8
王悦烛,62,87.2,149.2
王悦姜,61,81.2,142.2
王悦吓,62,87.2,149.2
王悦攸,97,84.0,181.0
王悦佼,61,80.8,141.8
王悦苑,63,70.6,133.6
王悦霄,76.5,77.3,153.8
王悦幻,76.5,83.6,160.1
王悦筠,64,81.2,145.2
王悦遂,62,91.1,153.1
王悦绚,96,83.7,179.7
王悦温,96.5,85.6,182.1
王悦送,96,81.2,177.2
王悦钥,93.5,79.8,173.3
王悦申,93.5,83.4,176.9
王悦颇,76.5,85.6,162.1
王悦我,62,84.0,146.0
王悦梨,63,70.6,133.6
王悦营,62,87.2,149.2
王悦煤,64,81.2,145.2
王悦晨,95,70.6,165.6
王悦卉,61.5,83.4,144.9
王悦勒,63,70.6,133.6
王悦檬,61,79.8,140.8
王悦陵,62,91.1,153.1
王悦攫,61.5,87.0,148.5
王悦筱,64,81.2,145.2
王悦谦,62,87.2,149.2
王悦尔,61.5,85.6,147.1
王悦杰,64,83.7,147.7
王悦丽,61,81.2,142.2
王悦尤,96.5,83.6,180.1
王悦盖,62,91.1,153.1
王悦鹭,64,86.6,150.6
王悦樾,62,91.1,153.1
王悦汶,76,80.8,156.8
王悦夕,96,89.2,185.2
王悦典,61,80.8,141.8
王悦栗,63,86.7,149.7
王悦婵,93.5,77.3,170.8
王悦楔,64,81.2,145.2
王悦不,76.5,83.6,160.1
王悦纤,96,86.6,182.6
王悦滟,79,90.9,169.9
王悦科,61,86.7,147.7
王悦旸,64,81.2,145.2
王悦铌,96,81.2,177.2
王悦吟,62,84.0,146.0
王悦群,64,81.2,145.2
王悦沂,76,80.8,156.8
王悦孜,94,84.0,178.0
王悦昭,61,86.7,147.7
王悦艮,97,86.9,183.9
王悦铭,93.5,85.6,179.1
王悦芋,61,86.7,147.7
王悦炅,61,80.8,141.8
王悦幽,96,86.7,182.7
王悦裴,61.5,85.6,147.1
王悦缀,61.5,85.6,147.1
王悦舫,78,86.7,164.7
王悦篮,63,91.3,154.3
王悦援,99,81.2,180.2
王悦翊,63,70.6,133.6
王悦发,79,83.7,162.7
王悦淳,79,83.7,162.7
王悦野,98,70.6,168.6
王悦荻,64,81.2,145.2
王悦冕,78,70.6,148.6
王悦帮,77,87.2,164.2
王悦获,61,79.8,140.8
王悦妍,77,84.0,161.0
王悦铂,96,81.2,177.2
王悦其,61,80.8,141.8
王悦亚,96,80.8,176.8
王悦硼,99,81.2,180.2
王悦承,93,80.8,173.8
王悦的,61,80.8,141.8
王悦元,61.5,83.6,145.1
王悦瑞,93.5,85.6,179.1
王悦旎,63,70.6,133.6
王悦幢,93.5,77.3,170.8
王悦尹,96.5,83.6,180.1
王悦莹,61.5,77.3,138.8
王悦律,61,86.7,147.7
王悦跃,98,85.8,183.8
王悦虞,64,81.2,145.2
王悦趁,64,83.7,147.7
王悦园,99,81.2,180.2
王悦女,64,89.2,153.2
王悦佐,94,84.0,178.0
王悦尚,93,80.8,173.8
王悦玹,23,93.0,116.0
王悦章,63,70.6,133.6
王悦诗,96,81.2,177.2
王悦琦,64,81.2,145.2
王悦材,62,84.0,146.0
王悦峪,63,86.7,149.7
王悦吉,62,86.9,148.9
王悦秋,93,86.7,179.7
王悦薏,61,81.2,142.2
王悦隽,64,81.2,145.2
王悦茵,64,83.7,147.7
王悦易,61,80.8,141.8
王悦梓,63,70.6,133.6
王悦朦,76,79.8,155.8
王悦玥,96,86.7,182.7
王悦贺,79,83.7,162.7
王悦陈,62,91.1,153.1
王悦甄,93.5,85.6,179.1
王悦灿,62,87.2,149.2
王悦玩,61,86.7,147.7
王悦婭,23,93.0,116.0
王悦挚,93.5,77.3,170.8
王悦捉,63,70.6,133.6
王悦桓,63,86.7,149.7
王悦尉,98,70.6,168.6
王悦箬,61.5,77.3,138.8
王悦好,77,86.9,163.9
王悦祝,63,86.7,149.7
王悦棠,64,83.7,147.7
王悦阁,76.5,85.6,162.1
王悦雷,79,81.2,160.2
王悦宪,77,91.1,168.1
王悦之,61.5,83.6,145.1
王悦簧,61,79.8,140.8
王悦抒,93,80.8,173.8
王悦莲,62,87.2,149.2
王悦今,61.5,83.6,145.1
王悦恒,78,86.7,164.7
王悦瓤,79,90.0,169.0
王悦喆,23,93.0,116.0
王悦株,63,86.7,149.7
王悦田,61.5,83.4,144.9
王悦令,61.5,83.4,144.9
王悦民,76.5,83.4,159.9
王悦嬋,23,93.0,116.0
王悦馥,76,79.8,155.8
王悦任,94,86.9,180.9
王悦於,96,80.8,176.8
王悦豔,23,93.0,116.0
王悦賢,23,93.0,116.0
王悦砚,99,83.7,182.7
王悦菠,76.5,85.6,162.1
王悦羲,94,87.2,181.2
王悦怡,96,86.7,182.7
王悦偲,95,70.6,165.6
王悦四,93.5,83.4,176.9
王悦于,99,89.2,188.2
王悦栩,63,86.7,149.7
王悦始,93,80.8,173.8
王悦涟,76.5,77.3,153.8
王悦瀚,78,91.3,169.3
王悦聿,62,86.9,148.9
王悦鲁,61.5,77.3,138.8
王悦晟,63,70.6,133.6
王悦疼,63,86.7,149.7
王悦缤,78,91.3,169.3
王悦震,76.5,77.3,153.8
王悦赢,63,91.3,154.3
王悦唏,95,86.7,181.7
王悦钿,96,81.2,177.2
王悦佚,97,84.0,181.0
王悦芃,61,86.7,147.7
王悦代,61.5,83.4,144.9
王悦霞,77,87.2,164.2
王悦然,96,83.7,179.7
王悦果,61,80.8,141.8
王悦芙,63,86.7,149.7
王悦宜,61,80.8,141.8
王悦鶯,23,93.0,116.0
王悦淼,79,83.7,162.7
王悦昀,96,80.8,176.8
王悦兵,77,84.0,161.0
王悦仲,62,86.9,148.9
王悦畦,98,70.6,168.6
王悦久,64,89.2,153.2
王悦向,77,86.9,163.9
王悦嵐,23,93.0,116.0
王悦赫,61.5,85.6,147.1
王悦位,97,84.0,181.0
王悦翌,98,70.6,168.6
王悦蝉,93,79.8,172.8
王悦飘,63,91.3,154.3
王悦延,97,84.0,181.0
王悦亞,23,93.0,116.0
王悦衍,76,86.7,162.7
王悦程,64,83.7,147.7
王悦绘,76,81.2,157.2
王悦声,94,87.2,181.2
王悦玲,63,86.7,149.7
王悦樱,63,85.8,148.8
王悦汇,79,81.2,160.2
王悦璟,23,93.0,116.0
王悦萱,61.5,77.3,138.8
王悦泰,61,86.7,147.7
王悦滇,76.5,85.6,162.1
王悦岩,96,80.8,176.8
王悦菁,61.5,85.6,147.1
王悦钦,96,83.7,179.7
王悦鹰,64,86.6,150.6
王悦苓,63,70.6,133.6
王悦臂,76,81.2,157.2
王悦娉,78,86.7,164.7
王悦谰,61.5,87.0,148.5
王悦潘,77,91.1,168.1
王悦渲,79,81.2,160.2
王悦玉,61.5,83.4,144.9
王悦讲,62,87.2,149.2
王悦航,78,86.7,164.7
王悦语,61.5,85.6,147.1
王悦紫,95,70.6,165.6
王悦佶,61,80.8,141.8
王悦陆,62,91.1,153.1
王悦特,63,86.7,149.7
王悦寇,63,70.6,133.6
王悦嫦,93.5,85.6,179.1
王悦婧,63,70.6,133.6
王悦谣,62,87.2,149.2
王悦建,61,86.7,147.7
王悦衡,97,91.1,188.1
王悦娇,61.5,77.3,138.8
王悦瀛,78,91.3,169.3
王悦水,76.5,83.6,160.1
王悦垣,96,86.7,182.7
王悦换,79,81.2,160.2
王悦蒸,62,91.1,153.1
王悦兴,76.5,77.3,153.8
王悦琛,96,81.2,177.2
王悦何,62,84.0,146.0
王悦托,62,84.0,146.0
王悦渭,79,81.2,160.2
王悦翔,99,83.7,182.7
王悦翼,93,79.8,172.8
王悦约,96,86.7,182.7
王悦妮,61,80.8,141.8
王悦耘,78,86.7,164.7
王悦介,61.5,83.6,145.1
王悦菲,61.5,85.6,147.1
王悦树,62,91.1,153.1
王悦男,62,84.0,146.0
王悦霭,61.5,87.0,148.5
王悦钢,94,91.1,185.1
王悦柳,61,86.7,147.7
王悦薇,61,81.2,142.2
王悦卿,63,70.6,133.6
王悦沛,76,80.8,156.8
王悦百,77,86.9,163.9
王悦郝,93.5,85.6,179.1
王悦晔,62,91.1,153.1
王悦禾,76.5,83.4,159.9
王悦溶,76.5,85.6,162.1
王悦颦,76.5,87.0,163.5
王悦逸,96.5,77.3,173.8
王悦咪,76,86.7,162.7
王悦淅,79,83.7,162.7
王悦雨,76,80.8,156.8
王悦轮,61.5,77.3,138.8
王悦友,96.5,83.6,180.1
王悦节,93.5,77.3,170.8
王悦梦,61.5,85.6,147.1
王悦裳,61.5,85.6,147.1
王悦浩,78,70.6,148.6
王悦恋,64,86.6,150.6
王悦交,62,86.9,148.9
王悦盈,76,86.7,162.7
王悦嫻,23,93.0,116.0
王悦?,23,93.0,116.0
王悦妹,76,80.8,156.8
王悦招,61,86.7,147.7
王悦亮,61,86.7,147.7
王悦淞,79,83.7,162.7
王悦珍,63,86.7,149.7
王悦蒙,77,91.1,168.1
王悦唆,95,86.7,181.7
王悦仙,93.5,83.4,176.9
王悦刘,61.5,77.3,138.8
王悦禧,77,87.2,164.2
王悦舰,63,91.3,154.3
王悦涵,79,83.7,162.7
王悦溪,76.5,85.6,162.1
王悦蔚,62,87.2,149.2
王悦翾,23,93.0,116.0
王悦嫣,96.5,85.6,182.1
王悦贞,61,86.7,147.7
王悦纫,93,86.7,179.7
王悦讳,77,91.1,168.1
王悦旺,96,80.8,176.8
王悦炀,64,81.2,145.2
王悦沿,76,86.7,162.7
王悦孙,95,86.7,181.7
王悦滚,76.5,77.3,153.8
王悦胎,63,70.6,133.6
王悦菊,61.5,85.6,147.1
王悦拜,76,86.7,162.7
王悦有,97,86.9,183.9
王悦邱,64,83.7,147.7
王悦人,96,92.6,188.6
王悦显,64,86.6,150.6
王悦弋,64,89.2,153.2
王悦肇,61.5,85.6,147.1
王悦骐,61,79.8,140.8
王悦荟,61,81.2,142.2
王悦新,96,81.2,177.2
王悦蕊,61,79.8,140.8
王悦君,62,84.0,146.0
王悦旨,62,86.9,148.9
王悦罕,76,86.7,162.7
王悦地,97,86.9,183.9
王悦美,76,86.7,162.7
王悦鸽,62,87.2,149.2
王悦成,94,84.0,178.0
王悦婷,64,83.7,147.7
王悦園,23,93.0,116.0
王悦亭,61,86.7,147.7
王悦咚,61,80.8,141.8
王悦葆,61.5,77.3,138.8
王悦正,93.5,83.4,176.9
王悦柔,93,86.7,179.7
王悦祺,64,81.2,145.2
王悦愛,23,93.0,116.0
王悦芯,63,86.7,149.7
王悦展,63,86.7,149.7
王悦礼,61,79.8,140.8
王悦胤,63,70.6,133.6
王悦靖,96,81.2,177.2
王悦固,61,80.8,141.8
王悦莎,64,81.2,145.2
王悦莓,64,81.2,145.2
王悦绿,61.5,85.6,147.1
王悦争,61,80.8,141.8
王悦蕉,61,79.8,140.8
王悦青,93,80.8,173.8
王悦棂,61,78.5,139.5
王悦蒋,62,87.2,149.2
王悦旬,94,86.9,180.9
王悦咖,61,80.8,141.8
王悦智,64,83.7,147.7
王悦爨,93,79.4,172.4
王悦配,78,86.7,164.7
王悦倾,64,81.2,145.2
王悦侠,61,86.7,147.7
王悦才,93.5,83.6,177.1
王悦骊,61,79.4,140.4
王悦司,93.5,83.4,176.9
王悦菱,61.5,85.6,147.1
王悦梅,63,70.6,133.6
王悦勋,97,91.1,188.1
王悦芹,63,86.7,149.7
王悦达,62,91.1,153.1
王悦瑗,61.5,85.6,147.1
王悦南,61,86.7,147.7
王悦焓,63,70.6,133.6
王悦狄,61,80.8,141.8
王悦耐,61,86.7,147.7
王悦川,96,89.2,185.2
王悦颐,96.5,77.3,173.8
王悦立,61.5,83.4,144.9
王悦釗,23,93.0,116.0
王悦菏,76.5,85.6,162.1
王悦州,94,86.9,180.9
王悦泓,76,86.7,162.7
王悦澜,78,85.8,163.8
王悦渊,79,83.7,162.7
王悦棋,64,83.7,147.7
王悦能,64,83.7,147.7
王悦全,62,86.9,148.9
王悦硝,99,83.7,182.7
王悦虹,61,86.7,147.7
王悦裔,99,81.2,180.2
王悦聪,94,87.2,181.2
王悦坤,96,80.8,176.8
王悦胜,96,83.7,179.7
王悦窈,63,86.7,149.7
王悦可,61.5,83.4,144.9
王悦甲,61.5,83.4,144.9
王悦旭,62,86.9,148.9
王悦斌,78,70.6,148.6
王悦汁,77,86.9,163.9
王悦英,63,70.6,133.6
王悦琳,64,81.2,145.2
王悦嫱,94,91.1,185.1
王悦洳,78,86.7,164.7
王悦梵,63,70.6,133.6
王悦彪,78,70.6,148.6
王悦妲,61,80.8,141.8
王悦潾,23,93.0,116.0
王悦裙,64,81.2,145.2
王悦研,61,86.7,147.7
王悦辉,76.5,77.3,153.8
王悦畅,61.5,85.6,147.1
王悦毅,61.5,77.3,138.8
王悦培,98,70.6,168.6
王悦湫,79,81.2,160.2
王悦幔,76.5,85.6,162.1
王悦官,61,80.8,141.8
王悦笛,63,70.6,133.6
王悦钗,95,70.6,165.6
王悦武,76,80.8,156.8
王悦奴,61.5,83.4,144.9
王悦倩,95,86.7,181.7
王悦机,62,91.1,153.1
王悦烁,61,81.2,142.2
王悦周,93,80.8,173.8
王悦恩,98,86.7,184.7
王悦叆,61.5,79.8,141.3
王悦醉,61.5,77.3,138.8
王悦忆,97,87.2,184.2
王悦登,64,83.7,147.7
王悦姑,61,80.8,141.8
王悦启,63,70.6,133.6
王悦咛,62,87.2,149.2
王悦样,61.5,77.3,138.8
王悦冯,79,83.7,162.7
王悦自,62,86.9,148.9
王悦锶,94,87.2,181.2
王悦豆,62,84.0,146.0
王悦滔,76.5,85.6,162.1
王悦萧,61,79.8,140.8
王悦要,96,86.7,182.7
王悦殷,98,86.7,184.7
王悦独,94,87.2,181.2
王悦源,76.5,85.6,162.1
王悦奥,99,81.2,180.2
王悦伯,77,84.0,161.0
王悦汀,77,86.9,163.9
王悦楓,23,93.0,116.0
王悦茸,64,83.7,147.7
王悦戴,61,79.8,140.8
王悦竟,63,70.6,133.6
王悦皎,63,70.6,133.6
王悦轶,64,83.7,147.7
王悦柏,61,86.7,147.7
王悦评,79,83.7,162.7
王悦惠,79,83.7,162.7
王悦纯,95,86.7,181.7
王悦李,62,84.0,146.0
王悦荆,76.5,85.6,162.1
王悦王,96.5,83.6,180.1
王悦蕤,61,79.8,140.8
王悦籽,61,86.7,147.7
王悦融,97,91.1,188.1
王悦紅,23,93.0,116.0
王悦带,63,70.6,133.6
王悦坪,96,80.8,176.8
王悦蘅,64,90.0,154.0
王悦叔,93,80.8,173.8
王悦旋,95,70.6,165.6
王悦麒,61,81.2,142.2
王悦俸,78,86.7,164.7
王悦姝,93,86.7,179.7
王悦纹,78,86.7,164.7
王悦镇,93,79.8,172.8
王悦荭,61.5,77.3,138.8
王悦珆,23,93.0,116.0
王悦玢,76,86.7,162.7
王悦榕,61.5,85.6,147.1
王悦咏,96,80.8,176.8
王悦斯,96,83.7,179.7
王悦璎,99,90.0,189.0
王悦湾,77,94.8,171.8
王悦辅,76.5,85.6,162.1
王悦叶,96.5,77.3,173.8
王悦允,96.5,83.6,180.1
王悦贝,77,84.0,161.0
王悦瓊,23,93.0,116.0
王悦岁,96,81.2,177.2
王悦卡,61.5,83.4,144.9
王悦议,63,91.3,154.3
王悦澄,77,91.1,168.1
王悦荷,64,81.2,145.2
王悦诒,99,83.7,182.7
王悦贇,23,93.0,116.0
王悦摩,76.5,77.3,153.8
王悦予,96.5,83.6,180.1
王悦缨,99,86.6,185.6
王悦雯,79,83.7,162.7
王悦祎,96.5,85.6,182.1
王悦兑,94,84.0,178.0
王悦馨,95,91.3,186.3
王悦映,61,86.7,147.7
王悦非,76,80.8,156.8
王悦妤,77,84.0,161.0
王悦沄,76,80.8,156.8
王悦媱,23,93.0,116.0
王悦霖,77,91.1,168.1
王悦同,62,86.9,148.9
王悦唯,98,70.6,168.6
王悦蓮,23,93.0,116.0
王悦琴,64,81.2,145.2
王悦迈,78,91.3,169.3
王悦林,61,80.8,141.8
王悦锐,93.5,77.3,170.8
王悦泠,76,86.7,162.7
王悦廷,62,84.0,146.0
王悦瑄,23,93.0,116.0
王悦飚,78,85.8,163.8
王悦薛,61,81.2,142.2
王悦董,61.5,77.3,138.8
王悦渔,76.5,77.3,153.8
王悦在,94,86.9,180.9
王悦加,61.5,83.4,144.9
王悦洛,78,86.7,164.7
王悦渝,79,81.2,160.2
王悦朗,63,70.6,133.6
王悦筑,61.5,77.3,138.8
王悦昕,61,80.8,141.8
王悦铠,93,79.8,172.8
王悦骁,96,90.0,186.0
王悦遥,62,87.2,149.2
王悦洪,78,86.7,164.7
王悦奉,76,80.8,156.8
王悦朋,76,80.8,156.8
王悦呓,99,90.0,189.0
王悦柄,61,86.7,147.7
王悦攀,61,81.2,142.2
王悦起,63,86.7,149.7
王悦怀,78,91.3,169.3
王悦超,96,83.7,179.7
王悦宝,63,91.3,154.3
王悦珑,63,85.8,148.8
王悦莽,61.5,85.6,147.1
王悦穎,23,93.0,116.0
王悦弥,77,87.2,164.2
王悦拉,61,86.7,147.7
王悦宾,76.5,85.6,162.1
王悦藏,63,91.3,154.3
王悦宴,98,86.7,184.7
王悦绯,76.5,85.6,162.1
王悦徽,94,87.2,181.2
王悦慕,76.5,77.3,153.8
王悦扬,64,81.2,145.2
王悦牧,76,80.8,156.8
王悦彤,62,84.0,146.0
王悦波,76,86.7,162.7
王悦秉,76,80.8,156.8
王悦余,97,84.0,181.0
王悦清,79,83.7,162.7
王悦凡,79,89.2,168.2
王悦喻,96,83.7,179.7
王悦珞,63,70.6,133.6
王悦柿,61,80.8,141.8
王悦萍,76.5,85.6,162.1
王悦倰,23,93.0,116.0
王悦方,76.5,83.6,160.1
王悦渺,79,81.2,160.2
王悦庆,61.5,77.3,138.8
王悦望,78,70.6,148.6
王悦敷,93.5,77.3,170.8
王悦和,76,80.8,156.8
王悦栋,64,83.7,147.7
王悦辰,97,84.0,181.0
王悦海,78,70.6,148.6
王悦莘,64,81.2,145.2
王悦奎,96,86.7,182.7
王悦若,63,70.6,133.6
王悦愫,93.5,85.6,179.1
王悦府,76,80.8,156.8
王悦埕,98,86.7,184.7
王悦娜,63,86.7,149.7
王悦锋,93.5,77.3,170.8
王悦雄,79,83.7,162.7
王悦曦,63,91.3,154.3
王悦锦,94,91.1,185.1
王悦格,63,86.7,149.7
王悦贻,99,83.7,182.7
王悦功,61.5,83.4,144.9
王悦楣,64,81.2,145.2
王悦潞,77,91.1,168.1
王悦桤,61.5,85.6,147.1
王悦闰,64,83.7,147.7
王悦珀,78,86.7,164.7
王悦尘,61.5,85.6,147.1
王悦怜,62,91.1,153.1
王悦磊,96.5,77.3,173.8
王悦貞,23,93.0,116.0
王悦勉,76,86.7,162.7
王悦冀,62,91.1,153.1
王悦亳,78,86.7,164.7
王悦沁,76,80.8,156.8
王悦桃,63,86.7,149.7
王悦艺,63,85.8,148.8
王悦蜀,96,81.2,177.2
王悦葛,61.5,77.3,138.8
王悦寧,23,93.0,116.0
王悦储,93,79.8,172.8
王悦五,61.5,83.6,145.1
王悦瀅,23,93.0,116.0
王悦荫,62,87.2,149.2
王悦丝,96,83.7,179.7
王悦昱,61,86.7,147.7
王悦耒,62,86.9,148.9
王悦澳,77,87.2,164.2
王悦迪,64,83.7,147.7
王悦眉,76,86.7,162.7
王悦芝,63,86.7,149.7
王悦广,61.5,77.3,138.8
王悦明,76,80.8,156.8
王悦禹,96,86.7,182.7
王悦万,76.5,77.3,153.8
王悦潍,76,79.8,155.8
王悦纪,61,86.7,147.7
王悦鲜,94,87.2,181.2
王悦泯,76,86.7,162.7
王悦尧,64,83.7,147.7
王悦枝,61,80.8,141.8
王悦琀,79,83.7,162.7
王悦端,61.5,85.6,147.1
王悦改,62,84.0,146.0
王悦呤,61,80.8,141.8
王悦堔,23,93.0,116.0
王悦结,64,83.7,147.7
王悦琰,64,81.2,145.2
王悦杉,62,84.0,146.0
王悦龄,63,91.3,154.3
王悦郡,61.5,85.6,147.1
王悦粟,96,83.7,179.7
王悦惟,99,83.7,182.7
王悦瀾,23,93.0,116.0
王悦嵋,99,83.7,182.7
王悦颖,62,91.1,153.1
王悦娆,76.5,77.3,153.8
王悦淋,79,83.7,162.7
王悦健,63,70.6,133.6
王悦续,95,85.8,180.8
王悦薰,63,91.3,154.3
王悦荔,64,83.7,147.7
王悦黎,61.5,77.3,138.8
王悦伟,98,70.6,168.6
王悦力,64,92.6,156.6
王悦桀,63,86.7,149.7
王悦鹤,78,85.8,163.8
王悦一,98,88.1,186.1
王悦肠,93.5,77.3,170.8
王悦丛,61,79.8,140.8
王悦名,77,86.9,163.9
王悦芽,63,86.7,149.7
王悦蔼,64,90.0,154.0
王悦习,78,70.6,148.6
王悦存,94,86.9,180.9
王悦皓,64,83.7,147.7
王悦浥,23,93.0,116.0
王悦奕,61,86.7,147.7
王悦紈,23,93.0,116.0
王悦钱,94,91.1,185.1
王悦木,61.5,83.6,145.1
王悦晋,63,86.7,149.7
王悦蕴,64,90.0,154.0
王悦政,61,80.8,141.8
王悦婉,98,70.6,168.6
王悦辛,94,84.0,178.0
王悦域,98,70.6,168.6
王悦濒,78,91.3,169.3
王悦又,99,92.6,191.6
王悦物,76,80.8,156.8
王悦勤,64,81.2,145.2
王悦峰,78,86.7,164.7
王悦态,61.5,85.6,147.1
王悦弘,76.5,83.4,159.9
王悦筝,61.5,85.6,147.1
王悦楠,64,81.2,145.2
王悦姹,93,86.7,179.7
王悦羚,63,70.6,133.6
王悦堂,98,70.6,168.6
王悦雲,23,93.0,116.0
王悦娣,63,86.7,149.7
王悦施,93,86.7,179.7
王悦景,64,83.7,147.7
王悦山,99,89.2,188.2
王悦琸,23,93.0,116.0
王悦普,79,83.7,162.7
王悦侯,76,86.7,162.7
王悦聆,63,70.6,133.6
王悦会,79,81.2,160.2
王悦潔,23,93.0,116.0
王悦峻,95,86.7,181.7
王悦痴,61,81.2,142.2
王悦墨,76.5,77.3,153.8
王悦炫,61,86.7,147.7
王悦浣,78,70.6,148.6
王悦菀,61.5,85.6,147.1
王悦旌,95,70.6,165.6
王悦韬,61,81.2,142.2
王悦馒,78,91.3,169.3
王悦巳,64,89.2,153.2
王悦祯,61.5,85.6,147.1
王悦赵,61.5,85.6,147.1
王悦早,94,86.9,180.9
王悦末,76.5,83.4,159.9
王悦飄,23,93.0,116.0
王悦悉,95,70.6,165.6
王悦邵,96,83.7,179.7
王悦煦,96,81.2,177.2
王悦滢,76,81.2,157.2
王悦洲,78,86.7,164.7
王悦甜,63,70.6,133.6
王悦石,93.5,83.4,176.9
王悦橙,62,91.1,153.1
王悦眺,98,70.6,168.6
王悦迅,63,86.7,149.7
王悦含,77,84.0,161.0
王悦谭,61,81.2,142.2
王悦蔓,62,87.2,149.2
王悦增,96.5,77.3,173.8
王悦珴,23,93.0,116.0
王悦锡,94,91.1,185.1
王悦娅,98,70.6,168.6
王悦杜,62,84.0,146.0
王悦鸯,62,91.1,153.1
王悦珺,64,83.7,147.7
王悦纶,61.5,85.6,147.1
王悦喜,79,83.7,162.7
王悦洁,77,91.1,168.1
王悦渠,79,81.2,160.2
王悦添,79,83.7,162.7
王悦涑,78,70.6,148.6
王悦笑,95,86.7,181.7
王悦夭,96.5,83.6,180.1
王悦幺,64,89.2,153.2
王悦金,93,80.8,173.8
王悦释,95,91.3,186.3
王悦火,61.5,83.6,145.1
王悦奇,61,80.8,141.8
王悦棹,64,83.7,147.7
王悦瞳,62,87.2,149.2
王悦而,94,86.9,180.9
王悦凌,63,86.7,149.7
王悦薷,63,91.3,154.3
王悦华,76.5,85.6,162.1
王悦烨,61.5,85.6,147.1
王悦雁,64,83.7,147.7
王悦擎,62,87.2,149.2
王悦燕,97,91.1,188.1
王悦谌,94,91.1,185.1
王悦纬,96.5,77.3,173.8
王悦鹂,63,93.0,156.0
王悦颉,61.5,77.3,138.8
王悦鸿,77,87.2,164.2
王悦彩,95,70.6,165.6
王悦常,95,70.6,165.6
王悦体,64,86.6,150.6
王悦经,64,81.2,145.2
王悦少,93.5,83.6,177.1
王悦遗,61,81.2,142.2
王悦娟,63,86.7,149.7
王悦弟,62,84.0,146.0
王悦劲,61,86.7,147.7
王悦荧,61.5,85.6,147.1
王悦昔,93,80.8,173.8
王悦霜,77,87.2,164.2
王悦樟,61.5,77.3,138.8
王悦薪,61,81.2,142.2
王悦念,61,80.8,141.8
王悦琬,99,81.2,180.2
王悦河,76,86.7,162.7
王悦欧,96.5,77.3,173.8
王悦放,76,80.8,156.8
王悦术,63,70.6,133.6
王悦呈,62,84.0,146.0
王悦憨,77,91.1,168.1
王悦麗,23,93.0,116.0
王悦耕,63,86.7,149.7
王悦璧,96,79.8,175.8
王悦墉,96.5,85.6,182.1
王悦靄,23,93.0,116.0
王悦羽,97,86.9,183.9
王悦红,76,86.7,162.7
王悦仉,61.5,83.6,145.1
王悦闽,76.5,85.6,162.1
王悦哈,76,86.7,162.7
王悦帝,61,86.7,147.7
王悦濡,76,79.8,155.8
王悦客,61,86.7,147.7
王悦军,61,86.7,147.7
王悦生,93.5,83.4,176.9
王悦铮,94,91.1,185.1
王悦世,93.5,83.4,176.9
王悦环,93,79.8,172.8
王悦曉,23,93.0,116.0
王悦理,64,83.7,147.7
王悦钶,96,81.2,177.2
王悦肖,61,86.7,147.7
王悦丕,76.5,83.4,159.9
王悦烙,63,86.7,149.7
王悦曰,96.5,83.6,180.1
王悦冬,61.5,83.4,144.9
王悦宋,94,84.0,178.0
王悦珉,76.5,85.6,162.1
王悦熠,61.5,77.3,138.8
王悦泽,77,87.2,164.2
王悦姯,23,93.0,116.0
王悦錦,23,93.0,116.0
王悦近,63,70.6,133.6
王悦箫,61,79.8,140.8
王悦相,61,86.7,147.7
王悦宽,61.5,77.3,138.8
王悦阜,76,80.8,156.8
王悦芸,63,86.7,149.7
王悦竣,96,83.7,179.7
王悦暄,96,81.2,177.2
王悦惊,64,86.6,150.6
王悦以,96.5,83.4,179.9
王悦娓,98,86.7,184.7
王悦坚,63,70.6,133.6
王悦西,94,86.9,180.9
王悦琪,64,81.2,145.2
王悦九,64,92.6,156.6
王悦沪,76.5,77.3,153.8
王悦涂,79,81.2,160.2
王悦宇,97,86.9,183.9
王悦璋,62,91.1,153.1
王悦渌,79,83.7,162.7
王悦蔺,64,90.0,154.0
王悦兔,93,80.8,173.8
王悦裕,96,81.2,177.2
王悦炯,61,86.7,147.7
王悦书,95,86.7,181.7
王悦仇,93.5,83.6,177.1
王悦舒,96,83.7,179.7
王悦梁,63,70.6,133.6
王悦祖,95,86.7,181.7
王悦森,64,83.7,147.7
王悦顿,64,81.2,145.2
王悦时,95,86.7,181.7
王悦真,95,86.7,181.7
王悦愿,61.5,85.6,147.1
王悦城,98,86.7,184.7
王悦是,93,86.7,179.7
王悦绮,61.5,85.6,147.1
王悦文,76.5,83.6,160.1
王悦澍,77,91.1,168.1
王悦师,95,86.7,181.7
王悦惜,96,83.7,179.7
王悦檩,62,87.2,149.2
王悦欢,79,90.0,169.0
王悦桦,62,91.1,153.1
王悦冽,61,80.8,141.8
王悦睿,93.5,85.6,179.1
王悦重,61,86.7,147.7
王悦撞,94,91.1,185.1
王悦壮,94,84.0,178.0
王悦露,78,91.3,169.3
王悦燊,62,91.1,153.1
王悦芮,63,86.7,149.7
王悦夢,23,93.0,116.0
王悦蓬,62,87.2,149.2
王悦欠,61.5,83.6,145.1
王悦阅,96.5,77.3,173.8
王悦磬,62,91.1,153.1
王悦荞,61,79.8,140.8
王悦迁,93,81.2,174.2
王悦玺,61,81.2,142.2
王悦赞,93,81.2,174.2
王悦旻,61,80.8,141.8
王悦珊,95,86.7,181.7
王悦蒂,61.5,77.3,138.8
王悦维,96.5,85.6,182.1
王悦娴,96.5,77.3,173.8
王悦俞,93,86.7,179.7
王悦守,94,86.9,180.9
王悦晗,63,70.6,133.6
王悦阿,99,81.2,180.2
王悦彦,61,86.7,147.7
王悦睻,23,93.0,116.0
王悦慧,76.5,77.3,153.8
王悦莼,62,87.2,149.2
王悦纭,63,86.7,149.7
王悦保,76,86.7,162.7
王悦漫,76.5,77.3,153.8
王悦嫒,97,91.1,188.1
王悦芊,61,86.7,147.7
王悦涓,78,70.6,148.6
王悦燮,62,87.2,149.2
王悦荑,64,83.7,147.7
王悦湛,79,81.2,160.2
王悦字的女孩名字,3,88.1,91.1
王悦童,96,83.7,179.7
王悦字,94,86.9,180.9
王悦苹,64,90.0,154.0
王悦翘,61,79.8,140.8
王悦夏,63,86.7,149.7
王悦菡,61.5,85.6,147.1
王悦杞,62,84.0,146.0
王悦轺,64,83.7,147.7
王悦昌,93,80.8,173.8
王悦熹,62,91.1,153.1
王悦虔,63,86.7,149.7
王悦桑,63,86.7,149.7
王悦圣,99,81.2,180.2
王悦原,63,86.7,149.7
王悦耀,63,91.3,154.3
王悦杭,61,80.8,141.8
王悦选,93,81.2,174.2
王悦依,96,80.8,176.8
王悦憧,94,91.1,185.1
王悦故,61,86.7,147.7
王悦炜,64,81.2,145.2
王悦蓁,62,91.1,153.1
王悦期,64,83.7,147.7
王悦福,76.5,85.6,162.1
王悦沫,76,86.7,162.7
王悦苒,63,70.6,133.6
王悦岱,61,80.8,141.8
王悦晓,62,91.1,153.1
王悦国,63,70.6,133.6
王悦萃,61.5,85.6,147.1
王悦飞,76,86.7,162.7
王悦汐,77,84.0,161.0
王悦品,76,86.7,162.7
王悦亦,97,86.9,183.9
王悦奈,61,80.8,141.8
王悦赟,23,93.0,116.0
王悦进,61.5,77.3,138.8
王悦赛,94,87.2,181.2
王悦临,62,87.2,149.2
王悦姣,61,86.7,147.7
王悦照,64,81.2,145.2
王悦频,77,91.1,168.1
王悦葵,61.5,77.3,138.8
王悦洺,23,93.0,116.0
王悦洋,78,86.7,164.7
王悦旖,96.5,85.6,182.1
王悦迎,98,70.6,168.6
王悦育,98,86.7,184.7
王悦楼,61.5,77.3,138.8
王悦幼,96.5,83.4,179.9
王悦铃,96,81.2,177.2
王悦张,63,70.6,133.6
王悦胡,98,70.6,168.6
王悦益,98,86.7,184.7
王悦碧,76.5,85.6,162.1
王悦烟,64,81.2,145.2
王悦苏,64,90.0,154.0
王悦炳,61,86.7,147.7
王悦颀,64,81.2,145.2
王悦告,62,84.0,146.0
王悦湘,79,81.2,160.2
王悦夙,94,86.9,180.9
王悦汪,76,80.8,156.8
王悦朱,62,86.9,148.9
王悦修,95,86.7,181.7
王悦灏,76.5,79.8,156.3
王悦妞,77,84.0,161.0
王悦止,61.5,83.6,145.1
王悦殉,95,86.7,181.7
王悦中,61.5,83.6,145.1
王悦绵,76.5,85.6,162.1
王悦再,94,86.9,180.9
王悦邦,78,70.6,148.6
王悦家,63,86.7,149.7
王悦溢,76.5,85.6,162.1
王悦珮,95,70.6,165.6
王悦悯,77,91.1,168.1
王悦丁,64,92.6,156.6
王悦锬,94,91.1,185.1
王悦俐,61,86.7,147.7
王悦儒,94,91.1,185.1
王悦睫,64,81.2,145.2
王悦巾,64,89.2,153.2
王悦曾,96,83.7,179.7
王悦鳳,23,93.0,116.0
王悦采,62,84.0,146.0
王悦寄,63,70.6,133.6
王悦秀,94,84.0,178.0
王悦祉,61,86.7,147.7
王悦凯,64,83.7,147.7
王悦曲,62,86.9,148.9
王悦灵,61.5,87.0,148.5
王悦盛,96,83.7,179.7
王悦璃,62,91.1,153.1
王悦度,93,86.7,179.7
王悦楚,64,81.2,145.2
王悦业,64,81.2,145.2
王悦蓉,62,91.1,153.1
王悦画,99,83.7,182.7
王悦潭,77,91.1,168.1
王悦乐,61.5,77.3,138.8
王悦雪,78,70.6,148.6
王悦行,77,86.9,163.9
王悦仁,93.5,83.6,177.1
王悦侬,61.5,77.3,138.8
王悦贤,61.5,77.3,138.8
王悦松,61,79.8,140.8
王悦侨,61.5,85.6,147.1
王悦霆,76.5,77.3,153.8
王悦郦,62,94.8,156.8
王悦球,64,83.7,147.7
王悦咭,61,86.7,147.7
王悦细,95,70.6,165.6
王悦煌,64,81.2,145.2
王悦玫,76,86.7,162.7
王悦晁,95,86.7,181.7
王悦俏,61,86.7,147.7
王悦颗,62,87.2,149.2
王悦璜,77,87.2,164.2
王悦沉,76,80.8,156.8
王悦莺,63,85.8,148.8
王悦粉,63,86.7,149.7
王悦悅,23,93.0,116.0
王悦粤,99,83.7,182.7
王悦纺,78,86.7,164.7
王悦凤,76.5,85.6,162.1
王悦越,99,83.7,182.7
王悦太,61.5,83.6,145.1
王悦宓,76,80.8,156.8
王悦逢,76.5,85.6,162.1
王悦姗,93,80.8,173.8
王悦良,62,84.0,146.0
王悦韦,96,86.7,182.7
王悦许,63,70.6,133.6
王悦贯,63,70.6,133.6
王悦妃,77,86.9,163.9
王悦传,64,81.2,145.2
王悦伶,62,84.0,146.0
王悦均,97,84.0,181.0
王悦羊,97,86.9,183.9
王悦璇,61,81.2,142.2
王悦蓓,62,91.1,153.1
王悦彨,23,93.0,116.0
王悦边,79,90.0,169.0
王悦篪,62,91.1,153.1
王悦先,94,86.9,180.9
王悦仕,93.5,83.4,176.9
王悦齐,93.5,85.6,179.1
王悦茗,64,83.7,147.7
王悦笳,63,70.6,133.6
王悦永,76.5,83.4,159.9
王悦占,93.5,83.4,176.9
王悦坊,97,84.0,181.0
王悦润,77,91.1,168.1
王悦夫,76.5,83.6,160.1
王悦花,63,86.7,149.7
王悦壬,76.5,83.6,160.1
王悦秦,63,86.7,149.7
王悦善,96,83.7,179.7
王悦壁,97,91.1,188.1
王悦士,96,89.2,185.2
王悦汝,77,84.0,161.0
王悦蕾,61,81.2,142.2
王悦妙,77,84.0,161.0
王悦潜,77,91.1,168.1
王悦德,61.5,77.3,138.8
王悦赏,93.5,77.3,170.8
王悦臻,62,91.1,153.1
王悦臣,94,86.9,180.9
王悦旷,61,81.2,142.2
王悦仿,77,86.9,163.9
王悦高,63,86.7,149.7
王悦敬,64,81.2,145.2
王悦孟,76,80.8,156.8
王悦鸾,63,93.0,156.0
王悦濠,76,79.8,155.8
王悦伦,63,86.7,149.7
王悦寿,93.5,85.6,179.1
王悦路,64,81.2,145.2
王悦莫,79,81.2,160.2
王悦茂,63,70.6,133.6
王悦博,79,83.7,162.7
王悦枫,64,81.2,145.2
王悦奚,63,86.7,149.7
王悦煜,64,81.2,145.2
王悦伊,97,86.9,183.9
王悦桂,63,86.7,149.7
王悦宸,95,86.7,181.7
王悦杏,62,84.0,146.0
王悦聰,23,93.0,116.0
王悦琢,64,81.2,145.2
王悦佳,61,80.8,141.8
王悦缘,96.5,77.3,173.8
王悦豫,97,91.1,188.1
王悦俪,63,85.8,148.8
王悦珈,63,86.7,149.7
王悦应,97,87.2,184.2
王悦强,63,70.6,133.6
王悦范,76.5,77.3,153.8
王悦函,76,80.8,156.8
王悦悫,93.5,85.6,179.1
王悦钊,95,86.7,181.7
王悦爱,99,81.2,180.2
王悦誉,98,85.8,183.8
王悦鸫,61,81.2,142.2
王悦焰,64,83.7,147.7
王悦志,62,84.0,146.0
王悦琼,63,91.3,154.3
王悦瑶,61.5,77.3,138.8
王悦献,63,91.3,154.3
王悦焕,64,81.2,145.2
王悦颜,61,79.8,140.8
王悦植,64,83.7,147.7
王悦顺,96,83.7,179.7
王悦或,76,80.8,156.8
王悦芄,61,86.7,147.7
王悦焱,64,83.7,147.7
王悦珂,63,86.7,149.7
王悦芳,63,86.7,149.7
王悦企,62,86.9,148.9
王悦彬,63,70.6,133.6
王悦京,61,80.8,141.8
王悦茹,64,83.7,147.7
王悦小,96,89.2,185.2
王悦上,96,89.2,185.2
王悦希,77,84.0,161.0
王悦廉,64,81.2,145.2
王悦思,93,86.7,179.7
王悦玟,23,93.0,116.0
王悦馡,23,93.0,116.0
王悦甫,77,84.0,161.0
王悦学,77,91.1,168.1
王悦净,96,83.7,179.7
王悦郑,61,81.2,142.2
王悦楦,64,81.2,145.2
王悦商,95,70.6,165.6
王悦仓,95,86.7,181.7
王悦罄,62,87.2,149.2
王悦午,61.5,83.6,145.1
王悦辞,96,81.2,177.2
王悦霈,76.5,77.3,153.8
王悦纨,61,86.7,147.7
王悦北,76.5,83.4,159.9
王悦钇,93,86.7,179.7
王悦艳,96.5,87.0,183.5
王悦帅,93,86.7,179.7
王悦沙,76,80.8,156.8
王悦治,76,86.7,162.7
王悦熙,79,81.2,160.2
王悦靓,93.5,77.3,170.8
王悦诚,93.5,85.6,179.1
王悦忠,61,80.8,141.8
王悦瑜,93.5,85.6,179.1
王悦泉,76,86.7,162.7
王悦策,64,83.7,147.7
王悦微,79,81.2,160.2
王悦光,62,86.9,148.9
王悦羡,96,83.7,179.7
王悦渤,79,81.2,160.2
王悦涌,79,81.2,160.2
王悦茜,64,83.7,147.7
王悦克,62,84.0,146.0
王悦丹,61.5,83.6,145.1
王悦驰,64,81.2,145.2
王悦龙,62,91.1,153.1
王悦颍,76.5,77.3,153.8
王悦来,61,80.8,141.8
王悦遣,94,87.2,181.2
王悦艾,96,80.8,176.8
王悦缬,78,85.8,163.8
王悦巴,76.5,83.6,160.1
王悦懿,99,90.0,189.0
王悦滨,76,79.8,155.8
王悦识,93,81.2,174.2
王悦瓒,93.5,87.0,180.5
王悦禄,64,81.2,145.2
王悦日,61.5,83.6,145.1
王悦恬,63,86.7,149.7
王悦漠,76.5,77.3,153.8
王悦厚,76,86.7,162.7
王悦纳,63,86.7,149.7
王悦芷,63,86.7,149.7
王悦容,98,86.7,184.7
王悦慈,93.5,85.6,179.1
王悦译,95,91.3,186.3
王悦葭,61.5,77.3,138.8
王悦康,63,70.6,133.6
王悦叫,61.5,83.4,144.9
王悦实,93.5,85.6,179.1
王悦质,61.5,77.3,138.8
王悦寒,79,83.7,162.7
王悦彗,78,70.6,148.6
王悦帆,77,86.9,163.9
王悦迟,93,79.8,172.8
王悦弈,61,86.7,147.7
王悦翠,93.5,85.6,179.1
王悦忻,76,80.8,156.8
王悦仅,64,81.2,145.2
王悦玖,61,80.8,141.8
王悦箐,61.5,85.6,147.1
王悦珠,95,70.6,165.6
王悦撇,77,91.1,168.1
王悦里,64,81.2,145.2
王悦晴,64,83.7,147.7
王悦春,93,86.7,179.7
王悦焉,98,70.6,168.6
王悦傲,99,81.2,180.2
王悦艷,23,93.0,116.0
王悦古,61.5,83.4,144.9
王悦郁,79,81.2,160.2
王悦法,76,86.7,162.7
王悦忙,77,84.0,161.0
王悦住,62,84.0,146.0
王悦崇,95,70.6,165.6
王悦冷,77,84.0,161.0
王悦稚,99,81.2,180.2
王悦密,78,70.6,148.6
王悦媛,64,83.7,147.7
王悦歡,23,93.0,116.0
王悦韵,96,81.2,177.2
王悦三,96,89.2,185.2
王悦霓,77,91.1,168.1
王悦情,96,83.7,179.7
王悦丰,61,79.8,140.8
王悦玘,23,93.0,116.0
王悦亲,62,91.1,153.1
王悦阚,63,91.3,154.3
王悦轩,98,86.7,184.7
王悦叡,23,93.0,116.0
王悦天,61.5,83.6,145.1
王悦琚,64,81.2,145.2
王悦音,96,86.7,182.7
王悦岑,62,84.0,146.0
王悦继,63,91.3,154.3
王悦瑾,62,91.1,153.1
王悦活,78,86.7,164.7
王悦合,77,86.9,163.9
王悦庄,96,81.2,177.2
王悦姞,61,86.7,147.7
王悦姚,96,86.7,182.7
王悦晏,98,86.7,184.7
王悦意,99,81.2,180.2
王悦泳,76,86.7,162.7
王悦也,99,89.2,188.2
王悦詠,23,93.0,116.0
王悦闵,79,83.7,162.7
王悦训,78,86.7,164.7
王悦嘉,61.5,85.6,147.1
王悦荇,64,83.7,147.7
王悦白,76.5,83.4,159.9
王悦乙,98,88.1,186.1
王悦麓,61,81.2,142.2
王悦瘫,61.5,87.0,148.5
王悦为,99,83.7,182.7
王悦淡,79,83.7,162.7
王悦朝,96,83.7,179.7
王悦郭,61.5,77.3,138.8
王悦孝,77,84.0,161.0
王悦鼎,64,81.2,145.2
王悦素,95,86.7,181.7
王悦复,76.5,77.3,153.8
王悦琨,64,81.2,145.2
王悦玛,76.5,77.3,153.8
王悦韻,23,93.0,116.0
王悦昳,23,93.0,116.0
王悦院,96.5,77.3,173.8
王悦煊,64,81.2,145.2
王悦钰,96,81.2,177.2
王悦甘,61.5,83.4,144.9
王悦湄,79,81.2,160.2
王悦萌,61.5,85.6,147.1
王悦艽,61,80.8,141.8
王悦夷,97,86.9,183.9
王悦蓝,63,91.3,154.3
王悦箢,61.5,85.6,147.1
王悦大,64,89.2,153.2
王悦如,94,86.9,180.9
王悦蘭,23,93.0,116.0
王悦赋,76.5,77.3,153.8
王悦晶,64,83.7,147.7
王悦香,76,86.7,162.7
王悦豪,76.5,85.6,162.1
王悦偀,23,93.0,116.0
王悦千,96,89.2,185.2
王悦寅,98,70.6,168.6
王悦严,63,91.3,154.3
王悦屏,76,86.7,162.7
王悦藝,23,93.0,116.0
王悦酝,97,87.2,184.2
王悦单,64,83.7,147.7
王悦莉,64,81.2,145.2
王悦劭,94,84.0,178.0
王悦定,61,80.8,141.8
王悦丫,99,89.2,188.2
王悦瑷,96,79.8,175.8
王悦詹,64,81.2,145.2
王悦皖,64,83.7,147.7
王悦风,76,86.7,162.7
王悦俊,61,86.7,147.7
王悦卫,96.5,77.3,173.8
王悦瑚,76.5,85.6,162.1
王悦禅,94,87.2,181.2
王悦屿,97,87.2,184.2
王悦威,96,86.7,182.7
王悦愉,96,81.2,177.2
王悦心,93.5,83.6,177.1
王悦优,97,87.2,184.2
王悦骅,79,90.0,169.0
王悦儿,93,80.8,173.8
王悦姐,61,80.8,141.8
王悦油,76,86.7,162.7
王悦羿,61,86.7,147.7
王悦刁,64,92.6,156.6
王悦舞,76.5,85.6,162.1
王悦玮,96.5,85.6,182.1
王悦连,61.5,85.6,147.1
王悦皑,61.5,77.3,138.8
王悦兰,64,86.6,150.6
王悦晚,78,70.6,148.6
王悦韩,77,87.2,164.2
王悦影,96.5,77.3,173.8
王悦银,93.5,85.6,179.1
王悦乔,64,83.7,147.7
王悦葉,23,93.0,116.0
王悦池,77,84.0,161.0
王悦稆,23,93.0,116.0
王悦浛,78,70.6,148.6
王悦烈,63,86.7,149.7
王悦璞,77,87.2,164.2
王悦汉,76.5,77.3,153.8
王悦锵,93,81.2,174.2
王悦侃,93,80.8,173.8
王悦麟,64,86.6,150.6
王悦徐,95,86.7,181.7
王悦谨,61,79.8,140.8
王悦瑤,23,93.0,116.0
王悦需,93.5,85.6,179.1
王悦宵,95,86.7,181.7
王悦振,63,70.6,133.6
王悦付,76.5,83.4,159.9
王悦歌,61.5,85.6,147.1
王悦臆,96,81.2,177.2
王悦江,77,84.0,161.0
王悦鑫,93.5,87.0,180.5
王悦韶,93.5,85.6,179.1
王悦瓖,23,93.0,116.0
王悦珏,61,86.7,147.7
王悦阳,97,87.2,184.2
王悦娥,78,86.7,164.7
王悦歆,96,81.2,177.2
王悦粼,61.5,85.6,147.1
王悦鸣,76.5,85.6,162.1
王悦霏,77,91.1,168.1
王悦繁,77,87.2,164.2
王悦晖,79,81.2,160.2
王悦壹,99,83.7,182.7
王悦圻,97,84.0,181.0
王悦悠,98,70.6,168.6
王悦姬,61,86.7,147.7
王悦庭,63,86.7,149.7
王悦穗,77,87.2,164.2
王悦米,77,86.9,163.9
王悦琍,23,93.0,116.0
王悦钧,96,83.7,179.7
王悦荣,61.5,85.6,147.1
王悦与,96.5,85.6,182.1
王悦蝶,61.5,77.3,138.8
王悦绍,95,70.6,165.6
王悦长,61,80.8,141.8
王悦亨,77,84.0,161.0
王悦莊,23,93.0,116.0
王悦促,93,86.7,179.7
王悦多,62,86.9,148.9
王悦征,61,80.8,141.8
王悦媚,79,83.7,162.7
王悦嫂,96,81.2,177.2
王悦玳,63,86.7,149.7
王悦言,62,84.0,146.0
王悦淇,79,83.7,162.7
王悦逦,62,94.8,156.8
王悦圆,99,81.2,180.2
王悦漪,76.5,77.3,153.8
王悦刚,95,86.7,181.7
王悦佟,62,84.0,146.0
王悦贵,64,83.7,147.7
王悦乃,64,92.6,156.6
王悦珩,78,70.6,148.6
王悦寰,77,91.1,168.1
王悦夜,96,80.8,176.8
王悦闻,76.5,85.6,162.1
王悦肴,98,86.7,184.7
王悦杨,64,81.2,145.2
王悦警,63,91.3,154.3
王悦垚,96,86.7,182.7
王悦寓,64,83.7,147.7
王悦津,78,86.7,164.7
王悦奶,62,87.2,149.2
王悦哲,63,86.7,149.7
王悦漩,76.5,77.3,153.8
王悦仪,61.5,77.3,138.8
王悦邑,97,84.0,181.0
王悦柯,61,86.7,147.7
王悦爽,95,70.6,165.6
王悦冰,77,86.9,163.9
王悦双,93,79.8,172.8
王悦魏,61,79.8,140.8
王悦牛,61.5,83.6,145.1
王悦毛,76.5,83.6,160.1
王悦义,64,81.2,145.2
王悦潼,77,91.1,168.1
王悦朵,62,86.9,148.9
王悦宁,61.5,85.6,147.1
王悦鹏,76,81.2,157.2
王悦硕,96.5,85.6,182.1
王悦涛,76,79.8,155.8
王悦潇,78,91.3,169.3
王悦嫔,77,87.2,164.2
王悦曙,61,79.8,140.8
王悦绪,93.5,85.6,179.1
王悦蜜,76.5,85.6,162.1
王悦岗,98,70.6,168.6
王悦纾,95,86.7,181.7
王悦環,23,93.0,116.0
王悦鋆,23,93.0,116.0
王悦知,61,80.8,141.8
王悦悦,95,70.6,165.6
王悦岚,99,83.7,182.7
王悦富,79,83.7,162.7
王悦慰,96.5,77.3,173.8
王悦平,76.5,83.4,159.9
王悦铜,93.5,85.6,179.1
王悦枷,61,86.7,147.7
王悦象,96,83.7,179.7
王悦腾,63,91.3,154.3
王悦雅,64,83.7,147.7
王悦榆,64,81.2,145.2
王悦灼,62,84.0,146.0
王悦谊,61.5,77.3,138.8
王悦众,95,70.6,165.6
王悦炎,61,80.8,141.8
王悦陶,62,91.1,153.1
王悦佩,76,80.8,156.8
王悦倍,78,86.7,164.7
王悦涔,78,70.6,148.6
王悦静,94,91.1,185.1
王悦月,61.5,83.6,145.1
王悦谷,62,84.0,146.0
王悦勇,96,86.7,182.7
王悦嬉,76.5,77.3,153.8
王悦初,94,84.0,178.0
王悦欣,61,80.8,141.8
王悦亿,96.5,77.3,173.8
王悦隆,62,87.2,149.2
王悦毓,64,81.2,145.2
王悦游,79,81.2,160.2
王悦怿,97,87.2,184.2
王悦厉,61.5,77.3,138.8
王悦远,97,87.2,184.2
王悦僮,93.5,85.6,179.1
王悦铄,96,86.6,182.6
王悦婕,63,70.6,133.6
王悦验,64,86.6,150.6
王悦茎,64,81.2,145.2
王悦钟,95,91.3,186.3
王悦侑,96,80.8,176.8
王悦随,95,85.8,180.8
王悦云,79,83.7,162.7
王悦潆,78,91.3,169.3
王悦桐,63,86.7,149.7
王悦吴,62,84.0,146.0
王悦满,76.5,77.3,153.8
王悦未,61.5,83.4,144.9
王悦召,61.5,83.4,144.9
王悦碱,99,83.7,182.7
王悦囡,62,86.9,148.9
王悦信,93,86.7,179.7
王悦颢,63,85.8,148.8
王悦藤,63,85.8,148.8
王悦姲,23,93.0,116.0
王悦華,23,93.0,116.0
王悦利,62,84.0,146.0
王悦央,96.5,83.4,179.9
王悦冠,61,86.7,147.7
王悦幸,76,80.8,156.8
王悦剑,93.5,77.3,170.8
王悦晃,63,86.7,149.7
王悦凉,63,86.7,149.7
王悦卓,61,80.8,141.8
王悦年,62,86.9,148.9
王悦岷,96,80.8,176.8
王悦玚,93.5,85.6,179.1
王悦岭,97,87.2,184.2
王悦岳,62,87.2,149.2
王悦倚,63,86.7,149.7
王悦姿,93,86.7,179.7
王悦榮,23,93.0,116.0
王悦壕,97,87.2,184.2
王悦宣,93,86.7,179.7
王悦偌,63,70.6,133.6
王悦翰,77,91.1,168.1
王悦安,97,86.9,183.9
王悦想,96,81.2,177.2
王悦鸳,97,91.1,188.1
王悦东,61,80.8,141.8
王悦聘,79,81.2,160.2
王悦屠,64,83.7,147.7
王悦浚,78,70.6,148.6
王悦镌,95,85.8,180.8
王悦嵘,97,87.2,184.2
王悦娘,63,86.7,149.7
王悦校,63,86.7,149.7
王悦冉,61.5,83.4,144.9
王悦镜,93,81.2,174.2
王悦宏,77,84.0,161.0
王悦湖,79,81.2,160.2
王悦純,23,93.0,116.0
王悦璘,23,93.0,116.0
王悦倪,95,86.7,181.7
王悦凝,77,91.1,168.1
王悦庐,61,81.2,142.2
王悦星,93,86.7,179.7
王悦宛,96,80.8,176.8
王悦趣,93.5,77.3,170.8
王悦桢,64,81.2,145.2
王悦芦,64,90.0,154.0
王悦祈,61,86.7,147.7
王悦敏,78,70.6,148.6
王悦效,78,86.7,164.7
